{"cameraMode":{"drawMode":0,"name":"Shaded","section":"Shading Mode"},"sceneLighting":false,"audioPlay":false,"sceneViewState":{"showFog":true,"showMaterialUpdate":false,"showSkybox":false,"showFlares":true,"showImageEffects":true,"showParticleSystems":true},"in2DMode":false,"pivot":{"x":0.0,"y":0.6000000238418579,"z":5.849999904632568},"rotation":{"x":-0.12150085717439652,"y":-0.011007326655089856,"z":0.00133620691485703,"w":-0.9925293922424316},"size":2.8578836917877199,"orthographic":false}